<?xml version="1.0" encoding="UTF-8" standalone="yes"?>
<addon id="plugin.video.NutzWizard" name="Nutz Kodi Wizard" version="1.0.0" provider-name="MyTVBoxIsNutz">
  <requires>
    <import addon="xbmc.python" version="2.1.0"/>
  </requires>
  <extension point="xbmc.python.pluginsource" library="default.py">
        <provides>video executable</provides>
  </extension>
  <extension point="xbmc.addon.metadata">
    <summary lang="en">Nutz Kodi Wizard</summary>
    <description lang="en">MyTVBoxIsNutz</description>
    <platform>all</platform>
  </extension>
</addon>
